{
  "id": "2958619",
  "name": "vue-shop",
  "font_family": "iconfont",
  "css_prefix_text": "icon-",
  "description": "",
  "glyphs": [
    {
      "icon_id": "577335",
      "name": "订单",
      "font_class": "dingdan",
      "unicode": "e737",
      "unicode_decimal": 59191
    },
    {
      "icon_id": "1727269",
      "name": "06商品",
      "font_class": "shangpin",
      "unicode": "e888",
      "unicode_decimal": 59528
    },
    {
      "icon_id": "1727376",
      "name": "32权限、钥匙",
      "font_class": "quanxianyuechi",
      "unicode": "e8a3",
      "unicode_decimal": 59555
    },
    {
      "icon_id": "1727589",
      "name": "406报表",
      "font_class": "baobiao",
      "unicode": "e902",
      "unicode_decimal": 59650
    },
    {
      "icon_id": "5270862",
      "name": "用户群体-业务查询",
      "font_class": "yonghu",
      "unicode": "e616",
      "unicode_decimal": 58902
    },
    {
      "icon_id": "6446244",
      "name": "密码（关）",
      "font_class": "lock",
      "unicode": "e638",
      "unicode_decimal": 58936
    },
    {
      "icon_id": "9712650",
      "name": "用户",
      "font_class": "username",
      "unicode": "e6b2",
      "unicode_decimal": 59058
    },
    {
      "icon_id": "8776631",
      "name": "view",
      "font_class": "icon-test",
      "unicode": "e633",
      "unicode_decimal": 58931
    },
    {
      "icon_id": "8776676",
      "name": "view_off",
      "font_class": "icon-test1",
      "unicode": "e634",
      "unicode_decimal": 58932
    }
  ]
}
